{
  "version": "v1",
  "saved_at": "2025-12-12T15:16:45.164632",
  "model_type": "RandomForestClassifier",
  "best_params": {
    "class_weight": null,
    "max_depth": 10,
    "max_features": 0.5,
    "min_samples_leaf": 1,
    "min_samples_split": 10,
    "n_estimators": 200
  },
  "cv_score": 0.9229163177449916,
  "test_metrics": {
    "accuracy": 0.9415873015873016,
    "recall": 0.9074960127591707,
    "precision": 0.9436152570480929,
    "f1": 0.9252032520325203,
    "roc_auc": 0.9784545992907084
  },
  "train_metrics": {
    "accuracy": 0.9499920622321003,
    "recall": 0.9103228377839777,
    "precision": 0.962089300758214,
    "f1": 0.9354904771656768
  },
  "success_criteria": {
    "recall": 0.75,
    "precision": 0.8,
    "f1": 0.75,
    "roc_auc": 0.8
  },
  "all_criteria_met": true,
  "confusion_matrix_test": [
    [
      914,
      34
    ],
    [
      58,
      569
    ]
  ],
  "confusion_matrix_train": [
    [
      3700,
      90
    ],
    [
      225,
      2284
    ]
  ]
}